{
    "2021/22": {
        "1st": {
            "Played": 19.0,
            "Won": 15.0,
            "Lost": 4.0,
            "Avg_PF": 39.36842105263158,
            "Avg_PA": 20.210526315789473
        },
        "2nd": {
            "Played": 17.0,
            "Won": 13.0,
            "Lost": 4.0,
            "Avg_PF": 30.235294117647058,
            "Avg_PA": 15.529411764705882
        }
    },
    "2022/23": {
        "1st": {
            "Played": 20.0,
            "Won": 17.0,
            "Lost": 3.0,
            "Avg_PF": 44.55,
            "Avg_PA": 17.25
        },
        "2nd": {
            "Played": 13.0,
            "Won": 6.0,
            "Lost": 6.0,
            "Avg_PF": 25.076923076923077,
            "Avg_PA": 26.384615384615383
        }
    },
    "2023/24": {
        "1st": {
            "Played": 26.0,
            "Won": 9.0,
            "Lost": 17.0,
            "Avg_PF": 21.23076923076923,
            "Avg_PA": 28.23076923076923
        },
        "2nd": {
            "Played": 15.0,
            "Won": 15.0,
            "Lost": 0.0,
            "Avg_PF": 35.6,
            "Avg_PA": 9.066666666666666
        }
    },
    "2024/25": {
        "1st": {
            "Played": 24.0,
            "Won": 4.0,
            "Lost": 19.0,
            "Avg_PF": 18.375,
            "Avg_PA": 32.583333333333336
        },
        "2nd": {
            "Played": 20.0,
            "Won": 11.0,
            "Lost": 9.0,
            "Avg_PF": 24.65,
            "Avg_PA": 22.15
        }
    }
}