{
    "1st": {
        "Played": 20.0,
        "Won": 16.0,
        "Lost": 4.0,
        "Avg_PF": 39.1,
        "Avg_PA": 19.8
    },
    "2nd": {
        "Played": 18.0,
        "Won": 14.0,
        "Lost": 4.0,
        "Avg_PF": 30.444444444444443,
        "Avg_PA": 15.333333333333334
    }
}