{
    "1st": {
        "Played": 26.0,
        "Won": 9.0,
        "Lost": 17.0,
        "Avg_PF": 21.23076923076923,
        "Avg_PA": 28.23076923076923
    },
    "2nd": {
        "Played": 15.0,
        "Won": 15.0,
        "Lost": 0.0,
        "Avg_PF": 35.6,
        "Avg_PA": 9.066666666666666
    }
}