{
    "1st": {
        "Played": 18.0,
        "Won": 3.0,
        "Lost": 15.0,
        "Avg_PF": 17.0,
        "Avg_PA": 30.444444444444443
    },
    "2nd": {
        "Played": 15.0,
        "Won": 8.0,
        "Lost": 7.0,
        "Avg_PF": 20.866666666666667,
        "Avg_PA": 21.6
    }
}