{
    "1st XV": {
        "Played": 17.0,
        "Won": 3.0,
        "Lost": 14.0,
        "Avg_PF": 17.176470588235293,
        "Avg_PA": 31.352941176470587
    },
    "2nd XV": {
        "Played": 14.0,
        "Won": 7.0,
        "Lost": 7.0,
        "Avg_PF": 19.428571428571427,
        "Avg_PA": 22.642857142857142
    }
}