{
    "2021/22": {
        "1st": {
            "Played": 20.0,
            "Won": 16.0,
            "Lost": 4.0,
            "Avg_PF": 39.1,
            "Avg_PA": 19.8
        },
        "2nd": {
            "Played": 18.0,
            "Won": 14.0,
            "Lost": 4.0,
            "Avg_PF": 30.444444444444443,
            "Avg_PA": 15.333333333333334
        }
    },
    "2022/23": {
        "1st": {
            "Played": 20.0,
            "Won": 17.0,
            "Lost": 3.0,
            "Avg_PF": 44.55,
            "Avg_PA": 17.25
        },
        "2nd": {
            "Played": 13.0,
            "Won": 6.0,
            "Lost": 6.0,
            "Avg_PF": 25.076923076923077,
            "Avg_PA": 26.384615384615383
        }
    },
    "2023/24": {
        "1st": {
            "Played": 26.0,
            "Won": 9.0,
            "Lost": 17.0,
            "Avg_PF": 21.23076923076923,
            "Avg_PA": 28.23076923076923
        },
        "2nd": {
            "Played": 15.0,
            "Won": 15.0,
            "Lost": 0.0,
            "Avg_PF": 35.6,
            "Avg_PA": 9.066666666666666
        }
    },
    "2024/25": {
        "1st": {
            "Played": 23.0,
            "Won": 3.0,
            "Lost": 18.0,
            "Avg_PF": 17.272727272727273,
            "Avg_PA": 32.59090909090909
        },
        "2nd": {
            "Played": 19.0,
            "Won": 11.0,
            "Lost": 8.0,
            "Avg_PF": 24.789473684210527,
            "Avg_PA": 21.68421052631579
        }
    }
}