{
    "2021/22": {
        "1st": {
            "Lineout": {
                "count": 9,
                "EG_total": 10.88888888888889,
                "EG_success": 0.8979591836734693,
                "Opp_total": 10.555555555555555,
                "Opp_success": 0.6631578947368422,
                "T_won": 3.5555555555555554,
                "T_lost": 1.1111111111111112
            },
            "Scrum": {
                "count": 9,
                "EG_total": 6.555555555555555,
                "EG_success": 0.9152542372881355,
                "Opp_total": 8.11111111111111,
                "Opp_success": 0.863013698630137,
                "T_won": 1.1111111111111112,
                "T_lost": 0.5555555555555556
            }
        },
        "2nd": {
            "Lineout": {
                "count": 8,
                "EG_total": 12.0,
                "EG_success": 0.7708333333333334,
                "Opp_total": 10.625,
                "Opp_success": 0.6,
                "T_won": 4.25,
                "T_lost": 2.75
            },
            "Scrum": {
                "count": 8,
                "EG_total": 8.0,
                "EG_success": 0.84375,
                "Opp_total": 10.125,
                "Opp_success": 0.8888888888888888,
                "T_won": 1.125,
                "T_lost": 1.25
            }
        }
    },
    "2022/23": {
        "1st": {
            "Lineout": {
                "count": 17,
                "EG_total": 10.411764705882353,
                "EG_success": 0.847457627118644,
                "Opp_total": 10.941176470588236,
                "Opp_success": 0.7365591397849462,
                "T_won": 2.8823529411764706,
                "T_lost": 1.588235294117647
            },
            "Scrum": {
                "count": 17,
                "EG_total": 8.411764705882353,
                "EG_success": 0.9440559440559442,
                "Opp_total": 7.647058823529412,
                "Opp_success": 0.8769230769230768,
                "T_won": 0.9411764705882353,
                "T_lost": 0.47058823529411764
            }
        },
        "2nd": {
            "Lineout": {
                "count": 3,
                "EG_total": 14.0,
                "EG_success": 0.7142857142857143,
                "Opp_total": 6.0,
                "Opp_success": 0.7222222222222222,
                "T_won": 1.6666666666666667,
                "T_lost": 4.0
            },
            "Scrum": {
                "count": 3,
                "EG_total": 8.0,
                "EG_success": 0.9583333333333334,
                "Opp_total": 7.0,
                "Opp_success": 0.9523809523809524,
                "T_won": 0.3333333333333333,
                "T_lost": 0.3333333333333333
            }
        }
    },
    "2023/24": {
        "1st": {
            "Lineout": {
                "count": 21,
                "EG_total": 13.857142857142858,
                "EG_success": 0.697594501718213,
                "Opp_total": 11.380952380952381,
                "Opp_success": 0.7991631799163179,
                "T_won": 2.2857142857142856,
                "T_lost": 4.190476190476191
            },
            "Scrum": {
                "count": 21,
                "EG_total": 8.857142857142858,
                "EG_success": 0.9193548387096774,
                "Opp_total": 7.761904761904762,
                "Opp_success": 0.7668711656441717,
                "T_won": 1.8095238095238095,
                "T_lost": 0.7142857142857143
            }
        },
        "2nd": {
            "Lineout": {
                "count": 7,
                "EG_total": 10.857142857142858,
                "EG_success": 0.8552631578947368,
                "Opp_total": 9.0,
                "Opp_success": 0.6825396825396826,
                "T_won": 2.857142857142857,
                "T_lost": 1.5714285714285714
            },
            "Scrum": {
                "count": 7,
                "EG_total": 6.857142857142857,
                "EG_success": 0.7708333333333334,
                "Opp_total": 8.714285714285714,
                "Opp_success": 0.8196721311475411,
                "T_won": 1.5714285714285714,
                "T_lost": 1.5714285714285714
            }
        }
    },
    "2024/25": {
        "1st": {
            "Lineout": {
                "count": 15,
                "EG_total": 11.466666666666667,
                "EG_success": 0.7034883720930233,
                "Opp_total": 11.666666666666666,
                "Opp_success": 0.8400000000000001,
                "T_won": 1.8666666666666667,
                "T_lost": 3.4
            },
            "Scrum": {
                "count": 15,
                "EG_total": 8.6,
                "EG_success": 1.0,
                "Opp_total": 7.0,
                "Opp_success": 0.8095238095238095,
                "T_won": 1.3333333333333333,
                "T_lost": 0.0
            }
        },
        "2nd": {
            "Lineout": {
                "count": 10,
                "EG_total": 10.5,
                "EG_success": 0.6666666666666667,
                "Opp_total": 9.9,
                "Opp_success": 0.7474747474747475,
                "T_won": 2.5,
                "T_lost": 3.5
            },
            "Scrum": {
                "count": 10,
                "EG_total": 6.5,
                "EG_success": 0.8461538461538461,
                "Opp_total": 8.5,
                "Opp_success": 0.9058823529411765,
                "T_won": 0.8,
                "T_lost": 1.0
            }
        }
    }
}